occ,m_x,m_y,m_z,energy_gamma
1.000000000000000000e+00 3.823112580162052687e+00 -1.731936532087952063e-01 3.822088610756544380e+00 -8.652635475340662019e-01
1.000000000000000000e+00 1.498144906576045488e+00 1.565970998575731410e-01 1.497842268517452391e+00 1.710864139609993506e+00
1.000000000000000000e+00 -3.775423856736582207e-01 1.494383737772011722e+00 -3.775316913852572731e-01 6.327563868029233873e+00
1.000000000000000000e+00 -4.312088269011082886e-01 1.495389038220987121e+00 -4.311986339752647002e-01 6.327564911923896140e+00
0.000000000000000000e+00 2.281187357767537616e-01 6.672563730071079391e-01 2.281181167925715458e-01 1.086732505164309437e+01
0.000000000000000000e+00 2.552181777359919801e-01 1.009170251263948215e+00 2.552172712981451985e-01 1.383673184126620015e+01
0.000000000000000000e+00 -1.902942096260068772e-01 -3.585388764058556332e-01 -1.902962883405578953e-01 2.354699918646821288e+01
0.000000000000000000e+00 4.353854342755834494e+00 -3.585395607662071882e-01 4.352262632455321523e+00 2.354699937496656759e+01
