occ,m_x,m_y,m_z,energy_gamma
1.000000000000000000e+00 1.212374529490569675e+00 1.212039591667071425e+00 1.212521317269134258e+00 -5.897356663634989893e+00
1.000000000000000000e+00 -3.737494263705519182e-01 -3.737462553741129345e-01 -3.737314187663116072e-01 9.481881206418160346e+00
1.000000000000000000e+00 -6.058820177510987337e-01 -6.058640886217158128e-01 -6.053580651620326103e-01 9.481883514930927959e+00
1.000000000000000000e+00 -6.058011198451153101e-01 -6.058381245137469673e-01 -6.063310345889771913e-01 9.481884740988251181e+00
0.000000000000000000e+00 4.052733583017842367e-01 4.052710152014381562e-01 4.052554482842284367e-01 1.576916040767079785e+01
0.000000000000000000e+00 -4.354787333623550971e-01 -4.355383049691141095e-01 -4.355005938852449243e-01 1.687455161434768414e+01
0.000000000000000000e+00 4.180716442014226208e-01 4.180709847950354607e-01 4.181496474895801119e-01 1.687455221329785360e+01
0.000000000000000000e+00 4.181863486350763104e-01 4.181199875975767366e-01 4.181209909248392864e-01 1.687455303346177260e+01
