occ,m_x,m_y,m_z,energy_gamma
1.000000000000000000e+00 2.958432484579630000e+03 -6.564993738700900394e+01 2.940201590711263179e+03 -4.357275820040783287e+01
1.000000000000000000e+00 -4.015525851798991575e+00 -1.512702632809850012e-01 -4.015572974560742026e+00 6.257940417757084095e-01
0.000000000000000000e+00 1.018402360556353470e+00 1.203688355316174102e-01 1.018544149967397283e+00 3.623812364792284413e+00
0.000000000000000000e+00 -9.379331706833958504e-02 1.042788019862385784e+00 -9.379329857870159770e-02 1.142239586091376147e+01
0.000000000000000000e+00 1.034558912583006585e+00 1.042741723719520452e+00 1.034524590593034699e+00 1.142239586800208784e+01
0.000000000000000000e+00 7.916400636195980445e-02 1.003300384217637564e+00 7.916396976881764913e-02 1.457849660372640876e+01
0.000000000000000000e+00 3.510417421217510103e+00 -3.100520621572213287e+01 3.512182516623820749e+00 1.782886920089264748e+01
0.000000000000000000e+00 -4.334663942896601480e-02 -1.909820730421312451e-01 -4.334576437735361554e-02 3.526952693731897881e+01
