occ,m_x,m_y,m_z,energy_gamma
1.000000000000000000e+00 1.750365547547473355e+01 1.750403404639313720e+01 1.745191224559202325e+01 -3.122152413102350010e+01
1.000000000000000000e+00 -2.859168814948353621e+00 -2.859725732567237610e+00 -2.859168806742115709e+00 -7.604053718914723703e+00
1.000000000000000000e+00 -1.118542862598250665e+01 -1.118138814402760239e+01 -1.118061670810341290e+01 -7.604053707495076253e+00
1.000000000000000000e+00 -1.118910604967699740e+01 -1.118200468908322520e+01 -1.118085950126956085e+01 -7.604053701250172104e+00
0.000000000000000000e+00 7.698967011981058262e-01 7.699058397761197048e-01 7.698969410073560615e-01 4.261460818820916430e+00
0.000000000000000000e+00 -4.540923533197881862e-02 -4.541041085035413954e-02 -4.541003768282764197e-02 2.493945805704825247e+01
0.000000000000000000e+00 -2.608734152205276491e-01 -2.608767477626087183e-01 -2.608848772945372985e-01 2.493945868259325849e+01
0.000000000000000000e+00 -2.608424640656432647e-01 -2.609086432971581826e-01 -2.608761147148171422e-01 2.493945928074673546e+01
