occ,m_x,m_y,m_z,energy_gamma
1.000000000000000000e+00 1.807589330900215119e+00 1.559475427631231703e+00 1.808316396812402083e+00 -2.847836824085387963e+00
1.000000000000000000e+00 -4.299339071339390195e+00 2.921754213329119221e+00 -4.302562804505586591e+00 -2.999819059844343605e-01
1.000000000000000000e+00 -3.043451454384241694e-01 1.315933592958985265e+00 -3.043269208029124595e-01 3.433684263774600787e+00
1.000000000000000000e+00 -6.156005963704592743e-01 1.315772653264042358e+00 -6.156106655950840389e-01 3.433686189670229538e+00
0.000000000000000000e+00 1.929136454714341642e-01 9.613826170880354072e-01 1.929156409513259618e-01 6.716225296962290869e+00
0.000000000000000000e+00 2.356891049320307685e-01 8.049120646359961828e-01 2.356949186230072046e-01 7.317705518840392109e+00
0.000000000000000000e+00 -6.488175070699413183e-02 -1.285521577195305731e+01 -6.488688948729691430e-02 1.490252060747456753e+01
0.000000000000000000e+00 -4.794338966040082539e+01 -1.272951383492204869e+01 -4.902255366259029046e+01 1.490252126753088824e+01
