occ,m_x,m_y,m_z,energy_gamma
1.000000000000000000e+00 1.167186193812090655e+00 1.167179301050056184e+00 1.166809274164523735e+00 -5.761634829210779074e+00
1.000000000000000000e+00 -1.638228932433820062e-01 -1.638160424771218648e-01 -1.638149919686256173e-01 6.146321629484337024e+00
1.000000000000000000e+00 -2.682196893892517808e-01 -2.680055643234507956e-01 -2.682304480332627916e-01 6.146324964925798717e+00
1.000000000000000000e+00 -2.682020085320038216e-01 -2.684290291237065307e-01 -2.681846410229479782e-01 6.146326903894985705e+00
0.000000000000000000e+00 -4.634282270234218459e-01 -4.633381380226797019e-01 -4.632691556411241418e-01 8.703724680957261484e+00
0.000000000000000000e+00 2.094219002577022704e-01 2.095118750691747078e-01 2.094553479258955964e-01 8.703726282439435025e+00
0.000000000000000000e+00 2.094427734531285890e-01 2.093971877581959906e-01 2.094781975185203982e-01 8.703727385926612214e+00
0.000000000000000000e+00 1.664252227173682319e-01 1.664144133021540073e-01 1.663894897332451051e-01 9.400034191848098075e+00
