occ,m_x,m_y,m_z,energy_gamma
1.000000000000000000e+00 1.425207591597436041e+00 1.626561828267991006e+00 1.425112610144569691e+00 -3.033668903285311469e+00
1.000000000000000000e+00 -2.332358688975852967e+00 -1.411168714786218104e+01 -2.332452665352985122e+00 4.823629062662370792e+00
1.000000000000000000e+00 -4.662156077735665205e-01 1.372919239144717141e+00 -4.662384764631321565e-01 7.641334131245432815e+00
1.000000000000000000e+00 -1.555903959967541272e+00 1.373024974771867912e+00 -1.556186181299895610e+00 7.641335319969546624e+00
0.000000000000000000e+00 2.913135316306728062e-01 1.576069074395556768e+00 2.913142947576528030e-01 1.759120720023231854e+01
0.000000000000000000e+00 3.491406132075949298e-01 8.887282761803388942e-01 3.491241064420906870e-01 2.020326187606203305e+01
0.000000000000000000e+00 -2.972436847943085714e-01 -8.532866583930521776e-01 -2.972231225905415108e-01 2.855114270854616976e+01
0.000000000000000000e+00 3.679420989038263912e+01 -8.534869923579677664e-01 3.643958289461235012e+01 2.855114373617666601e+01
