occ,m_x,m_y,m_z,energy_gamma
1.000000000000000000e+00 1.281790855915605043e+00 1.281844573182270075e+00 1.281856812584475147e+00 -8.098765840166787910e+00
1.000000000000000000e+00 -2.952141402025642014e-01 -2.952124933893094938e-01 -2.952263401921704222e-01 1.340060492210610832e+01
1.000000000000000000e+00 -2.954248284755554010e-01 -2.954279026898465332e-01 -2.954253353316043662e-01 1.340060501156193062e+01
1.000000000000000000e+00 -5.185409365852744479e-01 -5.185384824518995961e-01 -5.185324505644981485e-01 1.340060933719682623e+01
0.000000000000000000e+00 -1.618194446396306940e+00 -1.618189350280747174e+00 -1.618176116960398092e+00 1.901466827118238712e+01
0.000000000000000000e+00 2.465479733961672415e-01 2.465430419269537543e-01 2.465494039623358502e-01 1.901467150311697907e+01
0.000000000000000000e+00 2.464357661884075124e-01 2.464371343386947688e-01 2.464384841095716150e-01 1.901467151595936400e+01
0.000000000000000000e+00 1.569444493818405340e+00 1.567510884218589196e+00 1.569629870612031297e+00 2.686437011480727577e+01
