occ,m_x,m_y,m_z,energy_gamma
1.000000000000000000e+00 9.812711983973557039e+00 9.810223157741996047e+00 9.813793274296489955e+00 -1.760266173446295568e+01
1.000000000000000000e+00 -1.151637066448562674e+00 -1.151707810700005608e+00 -1.151883822541108771e+00 -3.144028894172567146e+00
1.000000000000000000e+00 -4.035268058302341920e+00 -4.039223092324284892e+00 -4.035412343638868471e+00 -3.144028806894552996e+00
1.000000000000000000e+00 -4.029668520258371522e+00 -4.034149879237839187e+00 -4.036930802567882282e+00 -3.144028619727930796e+00
0.000000000000000000e+00 4.853203291674219599e-01 4.852930802851074810e-01 4.851869116632284706e-01 4.077418573681470093e+00
0.000000000000000000e+00 -2.707718286413531850e-01 -2.707153430303933517e-01 -2.708160463336343748e-01 1.045120316813419592e+01
0.000000000000000000e+00 1.010397255258414173e+00 1.010311812862087377e+00 1.010832286708984507e+00 1.045120338707713259e+01
0.000000000000000000e+00 1.009800899598223722e+00 1.009619673835103981e+00 1.009512183744898817e+00 1.045120364927612577e+01
