occ,m_x,m_y,m_z,energy_gamma
1.000000000000000000e+00 9.474527213877559362e+00 9.473102685927720756e+00 9.477154314749961728e+00 -1.905649562414788178e+01
1.000000000000000000e+00 -1.519552651864773951e+00 -1.518959150396608893e+00 -1.519175667498768867e+00 -4.393297714533746401e+00
1.000000000000000000e+00 -5.286786062392065944e+00 -5.289622284429179366e+00 -5.286805849838071225e+00 -4.393297698216230174e+00
1.000000000000000000e+00 -5.287458717192447644e+00 -5.278440828004574037e+00 -5.278466780612437681e+00 -4.393297439903981250e+00
0.000000000000000000e+00 5.803573068617048358e-01 5.803290627660677714e-01 5.803637641551709914e-01 4.242964913281928929e+00
0.000000000000000000e+00 -2.355250075797335474e-01 -2.355103741863713851e-01 -2.355526388621184131e-01 1.242519991788159395e+01
0.000000000000000000e+00 1.463725335791926874e+00 1.463387372876369996e+00 1.463967046240772563e+00 1.242520025800537198e+01
0.000000000000000000e+00 1.461933226898840532e+00 1.458270214424576716e+00 1.459525675241027276e+00 1.242520045504524795e+01
